{"format": "layers-model", "generatedBy": "keras v3.3.3", "convertedBy": "TensorFlow.js Converter v4.20.0", "modelTopology": {"keras_version": "3.3.3", "backend": "tensorflow", "model_config": {"class_name": "Functional", "config": {"name": "functional_25", "trainable": true, "layers": [{"class_name": "InputLayer", "config": {"batch_shape": [null, 1], "dtype": "float32", "sparse": false, "name": "user"}, "name": "user", "inbound_nodes": []}, {"class_name": "InputLayer", "config": {"batch_shape": [null, 1], "dtype": "float32", "sparse": false, "name": "article"}, "name": "article", "inbound_nodes": []}, {"class_name": "Embedding", "config": {"name": "user_embedding", "trainable": true, "dtype": "float32", "input_dim": 2968, "output_dim": 30, "embeddings_initializer": {"module": "keras.initializers", "class_name": "RandomUniform", "config": {"minval": -0.05, "maxval": 0.05, "seed": null}, "registered_name": null}, "embeddings_regularizer": null, "activity_regularizer": null, "embeddings_constraint": null, "mask_zero": false}, "name": "user_embedding", "inbound_nodes": [{"args": [{"class_name": "__keras_tensor__", "config": {"shape": [null, 1], "dtype": "float32", "keras_history": ["user", 0, 0]}}], "kwargs": {}}]}, {"class_name": "Embedding", "config": {"name": "article_embedding", "trainable": true, "dtype": "float32", "input_dim": 2494, "output_dim": 30, "embeddings_initializer": {"module": "keras.initializers", "class_name": "RandomUniform", "config": {"minval": -0.05, "maxval": 0.05, "seed": null}, "registered_name": null}, "embeddings_regularizer": null, "activity_regularizer": null, "embeddings_constraint": null, "mask_zero": false}, "name": "article_embedding", "inbound_nodes": [{"args": [{"class_name": "__keras_tensor__", "config": {"shape": [null, 1], "dtype": "float32", "keras_history": ["article", 0, 0]}}], "kwargs": {}}]}, {"class_name": "Flatten", "config": {"name": "flatten_user", "trainable": true, "dtype": "float32", "data_format": "channels_last"}, "name": "flatten_user", "inbound_nodes": [{"args": [{"class_name": "__keras_tensor__", "config": {"shape": [null, 1, 30], "dtype": "float32", "keras_history": ["user_embedding", 0, 0]}}], "kwargs": {}}]}, {"class_name": "Flatten", "config": {"name": "flatten_article", "trainable": true, "dtype": "float32", "data_format": "channels_last"}, "name": "flatten_article", "inbound_nodes": [{"args": [{"class_name": "__keras_tensor__", "config": {"shape": [null, 1, 30], "dtype": "float32", "keras_history": ["article_embedding", 0, 0]}}], "kwargs": {}}]}, {"class_name": "Concatenate", "config": {"name": "concatenate_12", "trainable": true, "dtype": "float32", "axis": -1}, "name": "concatenate_12", "inbound_nodes": [{"args": [[{"class_name": "__keras_tensor__", "config": {"shape": [null, 30], "dtype": "float32", "keras_history": ["flatten_user", 0, 0]}}, {"class_name": "__keras_tensor__", "config": {"shape": [null, 30], "dtype": "float32", "keras_history": ["flatten_article", 0, 0]}}]], "kwargs": {}}]}, {"class_name": "Dense", "config": {"name": "dense_24", "trainable": true, "dtype": "float32", "units": 128, "activation": "relu", "use_bias": true, "kernel_initializer": {"module": "keras.initializers", "class_name": "GlorotUniform", "config": {"seed": null}, "registered_name": null}, "bias_initializer": {"module": "keras.initializers", "class_name": "Zeros", "config": {}, "registered_name": null}, "kernel_regularizer": null, "bias_regularizer": null, "kernel_constraint": null, "bias_constraint": null}, "name": "dense_24", "inbound_nodes": [{"args": [{"class_name": "__keras_tensor__", "config": {"shape": [null, 60], "dtype": "float32", "keras_history": ["concatenate_12", 0, 0]}}], "kwargs": {}}]}, {"class_name": "Dense", "config": {"name": "dense_25", "trainable": true, "dtype": "float32", "units": 1, "activation": "sigmoid", "use_bias": true, "kernel_initializer": {"module": "keras.initializers", "class_name": "GlorotUniform", "config": {"seed": null}, "registered_name": null}, "bias_initializer": {"module": "keras.initializers", "class_name": "Zeros", "config": {}, "registered_name": null}, "kernel_regularizer": null, "bias_regularizer": null, "kernel_constraint": null, "bias_constraint": null}, "name": "dense_25", "inbound_nodes": [{"args": [{"class_name": "__keras_tensor__", "config": {"shape": [null, 128], "dtype": "float32", "keras_history": ["dense_24", 0, 0]}}], "kwargs": {}}]}], "input_layers": [["user", 0, 0], ["article", 0, 0]], "output_layers": [["dense_25", 0, 0]]}}, "training_config": {"loss": {"class_name": "BinaryCrossentropy", "config": {"name": "binary_crossentropy", "reduction": "sum_over_batch_size", "from_logits": false, "label_smoothing": 0.0, "axis": -1}}, "loss_weights": null, "metrics": [{"class_name": "RootMeanSquaredError", "config": {"name": "root_mean_squared_error", "dtype": "float32"}}], "weighted_metrics": null, "run_eagerly": false, "steps_per_execution": 1, "jit_compile": false, "optimizer_config": {"class_name": "Adam", "config": {"name": "adam", "learning_rate": 9.999999974752427e-07, "weight_decay": null, "clipnorm": null, "global_clipnorm": null, "clipvalue": null, "use_ema": false, "ema_momentum": 0.99, "ema_overwrite_frequency": null, "loss_scale_factor": null, "gradient_accumulation_steps": null, "beta_1": 0.9, "beta_2": 0.999, "epsilon": 1e-07, "amsgrad": false}}}}, "weightsManifest": [{"paths": ["group1-shard1of1.bin"], "weights": [{"name": "article_embedding/embeddings", "shape": [2494, 30], "dtype": "float32"}, {"name": "dense_24/kernel", "shape": [60, 128], "dtype": "float32"}, {"name": "dense_24/bias", "shape": [128], "dtype": "float32"}, {"name": "dense_25/kernel", "shape": [128, 1], "dtype": "float32"}, {"name": "dense_25/bias", "shape": [1], "dtype": "float32"}, {"name": "user_embedding/embeddings", "shape": [2968, 30], "dtype": "float32"}]}]}